'Test Type,Test Description,,,,,,,,,,,,,,,,,,,,,,,,,,,,,,,,,,,,,,,,,,,,,,,,,,,,,,
0,,,,,,,,,,,,,,,,,,,,,,,,,,,,,,,,,,,,,,,,,,,,,,,,,,,,,,,
'Version,,,,,,,,,,,,,,,,,,,,,,,,,,,,,,,,,,,,,,,,,,,,,,,,,,,,,,,
2006.07.27,,,,,,,,,,,,,,,,,,,,,,,,,,,,,,,,,,,,,,,,,,,,,,,,,,,,,,,
'Time Stamp,,,,,,,,,,,,,,,,,,,,,,,,,,,,,,,,,,,,,,,,,,,,,,,,,,,,,,,
2014-10-26 14:29:45:580,,,,,,,,,,,,,,,,,,,,,,,,,,,,,,,,,,,,,,,,,,,,,,,,,,,,,,,
'Access specifications,,,,,,,,,,,,,,,,,,,,,,,,,,,,,,,,,,,,,,,,,,,,,,,,,,,,,,,
'Access specification name,default assignment,,,,,,,,,,,,,,,,,,,,,,,,,,,,,,,,,,,,,,,,,,,,,,,,,,,,,,
Stress-RW,0,,,,,,,,,,,,,,,,,,,,,,,,,,,,,,,,,,,,,,,,,,,,,,,,,,,,,,
'size,% of size,% reads,% random,delay,burst,align,reply,,,,,,,,,,,,,,,,,,,,,,,,,,,,,,,,,,,,,,,,,,,,,,,,
8192,100,90,100,0,1,0,0,,,,,,,,,,,,,,,,,,,,,,,,,,,,,,,,,,,,,,,,,,,,,,,,
'End access specifications,,,,,,,,,,,,,,,,,,,,,,,,,,,,,,,,,,,,,,,,,,,,,,,,,,,,,,,
'Results,,,,,,,,,,,,,,,,,,,,,,,,,,,,,,,,,,,,,,,,,,,,,,,,,,,,,,,
'Target Type,Target Name,Access Specification Name,# Managers,# Workers,# Disks,IOps,Read IOps,Write IOps,MBps,Read MBps,Write MBps,Transactions per Second,Connections per Second,Average Response Time,Average Read Response Time,Average Write Response Time,Average Transaction Time,Average Connection Time,Maximum Response Time,Maximum Read Response Time,Maximum Write Response Time,Maximum Transaction Time,Maximum Connection Time,Errors,Read Errors,Write Errors,Bytes Read,Bytes Written,Read I/Os,Write I/Os,Connections,Transactions per Connection,Total Raw Read Response Time,Total Raw Write Response Time,Total Raw Transaction Time,Total Raw Connection Time,Maximum Raw Read Response Time,Maximum Raw Write Response Time,Maximum Raw Transaction Time,Maximum Raw Connection Time,Total Raw Run Time,Starting Sector,Maximum Size,Queue Depth,% CPU Utilization,% User Time,% Privileged Time,% DPC Time,% Interrupt Time,Processor Speed,Interrupts per Second,CPU Effectiveness,Packets/Second,Packet Errors,Segments Retransmitted/Second
ALL,All,Stress-RW,1,2,2,1145.091515,1028.640729,116.450786,8.946027,8.036256,0.909772,1145.091515,0,1.744867,1.898504,0.387754,1.744867,0,128.562439,128.562439,57.407217,128.562439,0,1,1,0,506462208,57335808,61824,6999,0,-1,,,,,,,,,,0,0,1,0.324795,0.044501,0.271348,0.043416,0.04233,,6611.825894,3525.580929,14.587656,0,0
MANAGER,MACHINENAME,Stress-RW,,2,2,1145.091515,1028.640729,116.450786,8.946027,8.036256,0.909772,1145.091515,0,1.744867,1.898504,0.387754,1.744867,0,128.562439,128.562439,57.407217,128.562439,0,1,0,1,506462208,57335808,61824,6999,0,-1,2.81E+11,6486193545,2.87E+11,0,307264230,137203248,307264230,0,1.44E+11,0,0,1,0.324795,0.044501,0.271348,0.043416,0.04233,2390000000,6611.825894,3525.580929,14.587656,0,0
PROCESSOR,CPU 0,,,,,,,,,,,,,,,,,,,,,,,,,,,,,,,,,,,,,,,,,,,,0,0,0,0,0,2390000000,68.453618,,,,
PROCESSOR,CPU 1,,,,,,,,,,,,,,,,,,,,,,,,,,,,,,,,,,,,,,,,,,,,0,0,0,0,0,2390000000,35.027046,,,,
PROCESSOR,CPU 2,,,,,,,,,,,,,,,,,,,,,,,,,,,,,,,,,,,,,,,,,,,,0.074557,0,0.078148,0.026049,0.052099,2390000000,29.608774,,,,
PROCESSOR,CPU 3,,,,,,,,,,,,,,,,,,,,,,,,,,,,,,,,,,,,,,,,,,,,0.022458,0,0,0,0,2390000000,31.359292,,,,
PROCESSOR,CPU 4,,,,,,,,,,,,,,,,,,,,,,,,,,,,,,,,,,,,,,,,,,,,0,0,0,0,0,2390000000,69.787346,,,,
PROCESSOR,CPU 5,,,,,,,,,,,,,,,,,,,,,,,,,,,,,,,,,,,,,,,,,,,,0.022458,0,0,0,0,2390000000,33.876705,,,,
PROCESSOR,CPU 6,,,,,,,,,,,,,,,,,,,,,,,,,,,,,,,,,,,,,,,,,,,,0.022458,0,0,0,0,2390000000,38.528083,,,,
PROCESSOR,CPU 7,,,,,,,,,,,,,,,,,,,,,,,,,,,,,,,,,,,,,,,,,,,,0,0,0,0,0,2390000000,59.651009,,,,
PROCESSOR,CPU 8,,,,,,,,,,,,,,,,,,,,,,,,,,,,,,,,,,,,,,,,,,,,0.022458,0,0,0,0,2390000000,23.540309,,,,
PROCESSOR,CPU 9,,,,,,,,,,,,,,,,,,,,,,,,,,,,,,,,,,,,,,,,,,,,0.022458,0,0,0,0,2390000000,21.456358,,,,
PROCESSOR,CPU 10,,,,,,,,,,,,,,,,,,,,,,,,,,,,,,,,,,,,,,,,,,,,0.022458,0,0,0,0,2390000000,44.013042,,,,
PROCESSOR,CPU 11,,,,,,,,,,,,,,,,,,,,,,,,,,,,,,,,,,,,,,,,,,,,0.022458,0,0,0,0,2390000000,50.94843,,,,
PROCESSOR,CPU 12,,,,,,,,,,,,,,,,,,,,,,,,,,,,,,,,,,,,,,,,,,,,0.517396,0.078148,0.468889,0.052099,0,2390000000,397.434435,,,,
PROCESSOR,CPU 13,,,,,,,,,,,,,,,,,,,,,,,,,,,,,,,,,,,,,,,,,,,,1.585421,0.130247,1.484815,0.104198,0.911728,2390000000,1724.477667,,,,
PROCESSOR,CPU 14,,,,,,,,,,,,,,,,,,,,,,,,,,,,,,,,,,,,,,,,,,,,0.856038,0.156296,0.651235,0.078148,0,2390000000,429.627308,,,,
PROCESSOR,CPU 15,,,,,,,,,,,,,,,,,,,,,,,,,,,,,,,,,,,,,,,,,,,,0.439248,0.026049,0.364691,0.104198,0,2390000000,412.455553,,,,
PROCESSOR,CPU 16,,,,,,,,,,,,,,,,,,,,,,,,,,,,,,,,,,,,,,,,,,,,0.439248,0.078148,0.338642,0.130247,0,2390000000,344.068622,,,,
PROCESSOR,CPU 17,,,,,,,,,,,,,,,,,,,,,,,,,,,,,,,,,,,,,,,,,,,,0.465297,0.052099,0.41679,0.026049,0,2390000000,375.111154,,,,
PROCESSOR,CPU 18,,,,,,,,,,,,,,,,,,,,,,,,,,,,,,,,,,,,,,,,,,,,0.751841,0.078148,0.677284,0.078148,0.026049,2390000000,426.526389,,,,
PROCESSOR,CPU 19,,,,,,,,,,,,,,,,,,,,,,,,,,,,,,,,,,,,,,,,,,,,0.543446,0.130247,0.364691,0.104198,0,2390000000,395.667245,,,,
PROCESSOR,CPU 20,,,,,,,,,,,,,,,,,,,,,,,,,,,,,,,,,,,,,,,,,,,,0.543446,0.078148,0.41679,0.078148,0,2390000000,425.059288,,,,
PROCESSOR,CPU 21,,,,,,,,,,,,,,,,,,,,,,,,,,,,,,,,,,,,,,,,,,,,0.439248,0.078148,0.390741,0.130247,0,2390000000,414.639533,,,,
PROCESSOR,CPU 22,,,,,,,,,,,,,,,,,,,,,,,,,,,,,,,,,,,,,,,,,,,,0.569495,0.130247,0.494938,0.078148,0.026049,2390000000,406.603819,,,,
PROCESSOR,CPU 23,,,,,,,,,,,,,,,,,,,,,,,,,,,,,,,,,,,,,,,,,,,,0.413199,0.052099,0.364691,0.052099,0,2390000000,353.90487,,,,
WORKER,Worker 0,Stress-RW,,,1,83.248933,75.211908,8.037025,0.650382,0.587593,0.062789,83.248933,0,12.009951,13.15601,1.284926,12.009951,0,44.888983,44.888983,2.280542,44.888983,0,0,0,0,37027840,3956736,4520,483,0,-1,1.42E+11,1483280218,1.44E+11,0,107284670,5450496,107284670,0,1.44E+11,0,0,1,,,,,,2390000000,,,,,
DISK,PHYSICALDRIVE:1,,,,,83.248933,75.211908,8.037025,0.650382,0.587593,0.062789,83.248933,0,12.009951,13.15601,1.284926,12.009951,0,44.888983,44.888983,2.280542,44.888983,0,0,0,0,37027840,3956736,4520,483,0,-1,1.42E+11,1483280218,1.44E+11,0,107284670,5450496,107284670,0,1.44E+11,0,0,1,,,,,,2390000000,,,,,
WORKER,Worker 1,Stress-RW,,,1,1061.842583,953.428821,108.413762,8.295645,7.448663,0.846983,1061.842583,0,0.940163,1.01054,0.321251,0.940163,0,128.562439,128.562439,57.407217,128.562439,0,0,0,0,469434368,53379072,57304,6516,0,-1,1.38E+11,5002913327,1.43E+11,0,307264230,137203248,307264230,0,1.44E+11,0,0,1,,,,,,2390000000,,,,,
DISK,C:OS,,,,,1061.842583,953.428821,108.413762,8.295645,7.448663,0.846983,1061.842583,0,0.940163,1.01054,0.321251,0.940163,0,128.562439,128.562439,57.407217,128.562439,0,0,0,0,469434368,53379072,57304,6516,0,-1,1.38E+11,5002913327,1.43E+11,0,307264230,137203248,307264230,0,1.44E+11,0,0,1,,,,,,2390000000,,,,,
'Time Stamp,,,,,,,,,,,,,,,,,,,,,,,,,,,,,,,,,,,,,,,,,,,,,,,,,,,,,,,
2014-10-26 14:30:45:625,,,,,,,,,,,,,,,,,,,,,,,,,,,,,,,,,,,,,,,,,,,,,,,,,,,,,,,
